<?xml version="1.0" encoding="UTF-8" standalone="no" ?><toolSetting xmlns="http://actel.com/sweng/afi" component="I2C_OLED" xmlns:actel-cc="http://www.actel.com/XMLSchema/CoreConsole" xmlns:spirit="http://www.spiritconsortium.org/XMLSchema/SPIRIT/1.1"><device VendorTechnology_Die="IP4X3M1" VendorTechnology_DieVoltage="" VendorTechnology_Family="SmartFusion" VendorTechnology_Package="fg484" VendorTechnology_Speed=""><advancedoptions/></device><tool Constraint_Default="true" Simulation_Default="true" Source_Default="true" Stimulus_Default="true" internal_name="VIEWDRAWCONFIGURATOR" library="Tool" name="ViewDraw" state="0" vendor="Actel" version="1.0.100"><configuration/><input_files/><output_files/><report_files/></tool><tool Constraint_Default="true" Simulation_Default="true" Source_Default="true" Stimulus_Default="true" internal_name="SYSTEMBUILDER" library="Tool" name="SysBuilder" state="0" vendor="Actel" version="1.0.100"><configuration/><input_files/><output_files/><report_files/></tool><tool Constraint_Default="true" Simulation_Default="true" Source_Default="true" Stimulus_Default="true" internal_name="SYNTHESIZE_PS" library="Tool" name="Precision" state="0" vendor="Mentor" version="1.0.100"><configuration/><input_files/><output_files/><report_files/></tool><tool Constraint_Default="true" Simulation_Default="true" Source_Default="false" Stimulus_Default="true" internal_name="SYNTHESIZE" library="Tool" name="Synthesize" state="1" vendor="Synopsis" version="1.0.101"><configuration><spirit:hwParameter spirit:name="LANGUAGE_SYSTEM_VLOG">false</spirit:hwParameter><spirit:hwParameter spirit:name="LANGUAGE_VERILOG_2001">true</spirit:hwParameter><spirit:hwParameter spirit:name="LANGUAGE_VHDL_2008">false</spirit:hwParameter></configuration><input_files><file><path>component\Actel\SmartFusionMSS\MSS\2.5.106\mss_comps.v</path><type>HDL</type><fileset>HDL_FILESET</fileset><local>true</local><used>true</used><selectable>true</selectable><timestamp>1323175442</timestamp></file><file><path>component\work\I2C_OLED\I2C_OLED.v</path><type>HDL</type><fileset>HDL_FILESET</fileset><local>true</local><used>true</used><selectable>true</selectable><timestamp>1352696627</timestamp></file><file><path>component\work\OLED_MSS\MSS_CCC_0\OLED_MSS_tmp_MSS_CCC_0_MSS_CCC.v</path><type>HDL</type><fileset>HDL_FILESET</fileset><local>true</local><used>true</used><selectable>true</selectable><timestamp>1335186786</timestamp></file><file><path>component\work\OLED_MSS\mss_tshell.v</path><type>HDL</type><fileset>HDL_FILESET</fileset><local>true</local><used>true</used><selectable>true</selectable><timestamp>1335186788</timestamp></file><file><path>component\work\OLED_MSS\OLED_MSS.v</path><type>HDL</type><fileset>HDL_FILESET</fileset><local>true</local><used>true</used><selectable>true</selectable><timestamp>1335186792</timestamp></file></input_files><output_files><file><path>synthesis\I2C_OLED.edn</path><type>EDN</type><fileset>HDL_FILESET</fileset><local>true</local><used>true</used><selectable>true</selectable><timestamp>1352696849</timestamp></file></output_files><report_files><file><path>synthesis\synplify.log</path><type>LOG</type><fileset>OTHER_FILESET</fileset><local>true</local><used>true</used><selectable>true</selectable><timestamp>0</timestamp></file><file><path>C:\A2F_AC347_DF\A2F200\synthesis\I2C_OLED.srr</path><type>LOG</type><fileset>OTHER_FILESET</fileset><local>true</local><used>true</used><selectable>true</selectable><timestamp>0</timestamp></file><file><path>C:\A2F_AC347_DF\A2F200\synthesis\I2C_OLED.areasrr</path><type>LOG</type><fileset>OTHER_FILESET</fileset><local>true</local><used>true</used><selectable>true</selectable><timestamp>0</timestamp></file><file><path>C:\A2F_AC347_DF\A2F200\synthesis\run_options.txt</path><type>LOG</type><fileset>OTHER_FILESET</fileset><local>true</local><used>true</used><selectable>true</selectable><timestamp>0</timestamp></file><file><path>synthesis\I2C_OLED.srr</path><type>LOG</type><fileset>OTHER_FILESET</fileset><local>true</local><used>true</used><selectable>true</selectable><timestamp>0</timestamp></file><file><path>synthesis\I2C_OLED.areasrr</path><type>LOG</type><fileset>OTHER_FILESET</fileset><local>true</local><used>true</used><selectable>true</selectable><timestamp>0</timestamp></file><file><path>synthesis\run_options.txt</path><type>LOG</type><fileset>OTHER_FILESET</fileset><local>true</local><used>true</used><selectable>true</selectable><timestamp>0</timestamp></file></report_files></tool><tool Constraint_Default="true" Simulation_Default="true" Source_Default="true" Stimulus_Default="true" internal_name="SOFTWAREIDE" library="Tool" name="SoftwareIDE" state="0" vendor="Actel" version="1.0.100"><configuration/><input_files/><output_files/><report_files/></tool><tool Constraint_Default="true" Simulation_Default="true" Source_Default="true" Stimulus_Default="true" internal_name="SMARTDESIGNCONFIGURATOR" library="Tool" name="SmartDesign" state="0" vendor="Actel" version="1.0.100"><configuration/><input_files/><output_files/><report_files/></tool><tool Constraint_Default="true" Simulation_Default="false" Source_Default="true" Stimulus_Default="false" internal_name="SIM_PRESYNTH" library="Tool" name="RTLSimulation" state="0" vendor="Actel" version="1.0.100"><configuration/><input_files/><output_files/><report_files/></tool><tool Constraint_Default="true" Simulation_Default="false" Source_Default="true" Stimulus_Default="false" internal_name="SIM_POSTSYNTH" library="Tool" name="PostSynthesisSimulation" state="0" vendor="Actel" version="1.0.100"><configuration/><input_files/><output_files/><report_files/></tool><tool Constraint_Default="true" Simulation_Default="true" Source_Default="true" Stimulus_Default="true" internal_name="SDTB" library="Tool" name="SDTB" state="0" vendor="Actel" version="1.0.100"><configuration/><input_files/><output_files/><report_files/></tool><tool Constraint_Default="true" Simulation_Default="true" Source_Default="true" Stimulus_Default="true" internal_name="MSSCONFIGURATOR" library="Tool" name="MSS" state="1" vendor="Actel" version="1.0.100"><configuration/><input_files/><output_files/><report_files/></tool><tool Constraint_Default="true" Simulation_Default="true" Source_Default="true" Stimulus_Default="true" internal_name="HDLTB" library="Tool" name="HDLTB" state="0" vendor="Actel" version="1.0.100"><configuration/><input_files/><output_files/><report_files/></tool><tool Constraint_Default="true" Simulation_Default="true" Source_Default="true" Stimulus_Default="true" internal_name="HDLEDITOR" library="Tool" name="HDL" state="0" vendor="Actel" version="1.0.100"><configuration/><input_files/><output_files/><report_files/></tool><tool Constraint_Default="true" Simulation_Default="true" Source_Default="true" Stimulus_Default="true" internal_name="FIRMWARECONFIGURATOR" library="Tool" name="FirmwareView" state="0" vendor="Actel" version="1.0.100"><configuration/><input_files/><output_files/><report_files/></tool><tool Constraint_Default="true" Simulation_Default="true" Source_Default="true" Stimulus_Default="true" internal_name="EDITTIMING_PRESYNTH" library="Tool" name="TimingConstraints" state="0" vendor="Actel" version="1.0.100"><configuration/><input_files/><output_files/><report_files/></tool><tool Constraint_Default="true" Simulation_Default="true" Source_Default="true" Stimulus_Default="true" internal_name="EDITIO_PRESYNTH" library="Tool" name="IOEditor" state="0" vendor="Actel" version="1.0.100"><configuration/><input_files/><output_files/><report_files/></tool><tool Constraint_Default="false" Simulation_Default="true" Source_Default="true" Stimulus_Default="true" internal_name="COMPILE" library="Tool" name="Compile" state="2" vendor="Actel" version="1.0.100"><configuration><spirit:hwParameter spirit:name="MERGEPDC">false</spirit:hwParameter><spirit:hwParameter spirit:name="MERGESDC">true</spirit:hwParameter></configuration><input_files><file><path>synthesis\I2C_OLED.edn</path><type>HDL</type><fileset>HDL_FILESET</fileset><local>true</local><used>true</used><selectable>true</selectable><timestamp>1352696849</timestamp></file><file><path>component\work\I2C_OLED\I2C_OLED.pdc</path><type>PDC</type><fileset>DESIGNER_FILESET</fileset><local>true</local><used>true</used><selectable>true</selectable><timestamp>1352696626</timestamp></file><file><path>component\work\OLED_MSS\OLED_MSS.pdc</path><type>PDC</type><fileset>DESIGNER_FILESET</fileset><local>true</local><used>false</used><selectable>true</selectable><timestamp>1335186783</timestamp></file><file><path>synthesis\I2C_OLED_sdc.sdc</path><type>SDC_SYN</type><fileset>OTHER_SYNTHESIS_FILESET</fileset><local>true</local><used>false</used><selectable>true</selectable><timestamp>1352696849</timestamp></file></input_files><output_files><file><path>designer\impl1\I2C_OLED.adb</path><type>ADB</type><fileset/><local>true</local><used>true</used><selectable>true</selectable><timestamp>1352696933</timestamp></file></output_files><report_files><file><path>designer\impl1\I2C_OLED_compile_log.rpt</path><type>LOG</type><fileset>OTHER_FILESET</fileset><local>true</local><used>true</used><selectable>true</selectable><timestamp>0</timestamp></file><file><path>designer\impl1\I2C_OLED_compile_report.txt</path><type>LOG</type><fileset>OTHER_FILESET</fileset><local>true</local><used>true</used><selectable>true</selectable><timestamp>0</timestamp></file></report_files></tool><tool Constraint_Default="true" Simulation_Default="true" Source_Default="true" Stimulus_Default="true" internal_name="PLACEROUTE" library="Tool" name="Layout" state="1" vendor="Actel" version="1.0.100"><configuration><spirit:hwParameter spirit:name="INCRPLACEANDROUTE">false</spirit:hwParameter><spirit:hwParameter spirit:name="TDPR">true</spirit:hwParameter></configuration><input_files/><output_files/><report_files><file><path>designer\impl1\I2C_OLED_placeroute_log.rpt</path><type>LOG</type><fileset>OTHER_FILESET</fileset><local>true</local><used>true</used><selectable>true</selectable><timestamp>0</timestamp></file><file><path>designer\impl1\I2C_OLED_place_and_route_report.txt</path><type>LOG</type><fileset>OTHER_FILESET</fileset><local>true</local><used>true</used><selectable>true</selectable><timestamp>0</timestamp></file><file><path>designer\impl1\I2C_OLED_globalnet_report.txt</path><type>LOG</type><fileset>OTHER_FILESET</fileset><local>true</local><used>true</used><selectable>true</selectable><timestamp>0</timestamp></file><file><path>designer\impl1\I2C_OLED_globalusage_report.txt</path><type>LOG</type><fileset>OTHER_FILESET</fileset><local>true</local><used>true</used><selectable>true</selectable><timestamp>0</timestamp></file><file><path>designer\impl1\I2C_OLED_iobank_report.txt</path><type>LOG</type><fileset>OTHER_FILESET</fileset><local>true</local><used>true</used><selectable>true</selectable><timestamp>0</timestamp></file></report_files></tool><tool Constraint_Default="true" Simulation_Default="true" Source_Default="true" Stimulus_Default="true" internal_name="EXPORTSDF" library="Tool" name="BackAnnotation" state="0" vendor="Actel" version="1.0.100"><configuration/><input_files/><output_files/><report_files/></tool><tool Constraint_Default="true" Simulation_Default="false" Source_Default="true" Stimulus_Default="false" internal_name="SIM_POSTLAYOUT" library="Tool" name="BackAnnotatedSimulation" state="0" vendor="Actel" version="1.0.100"><configuration/><input_files/><output_files/><report_files/></tool><tool Constraint_Default="true" Simulation_Default="true" Source_Default="true" Stimulus_Default="true" internal_name="EXPORTIBIS" library="Tool" name="ExportIBIS" state="0" vendor="Actel" version="1.0.100"><configuration/><input_files/><output_files/><report_files/></tool><tool Constraint_Default="true" Simulation_Default="true" Source_Default="true" Stimulus_Default="true" internal_name="EXPORTPIN" library="Tool" name="ExportPin" state="0" vendor="Actel" version="1.0.100"><configuration><spirit:hwParameter spirit:name="PINRPT_BY_NAME">true</spirit:hwParameter><spirit:hwParameter spirit:name="PINRPT_BY_NUMBER">true</spirit:hwParameter></configuration><input_files/><output_files/><report_files/></tool><tool Constraint_Default="true" Simulation_Default="true" Source_Default="true" Stimulus_Default="true" internal_name="VERIFYPOWER" library="Tool" name="AnalyzePower" state="0" vendor="Actel" version="1.0.100"><configuration/><input_files/><output_files/><report_files/></tool><tool Constraint_Default="true" Simulation_Default="true" Source_Default="true" Stimulus_Default="true" internal_name="VERIFYTIMING" library="Tool" name="AnalyzeTiming" state="2" vendor="Actel" version="1.0.100"><configuration/><input_files/><output_files/><report_files><file><path>designer\impl1\I2C_OLED_verifytiming_log.rpt</path><type>LOG</type><fileset>OTHER_FILESET</fileset><local>true</local><used>true</used><selectable>true</selectable><timestamp>0</timestamp></file><file><path>designer\impl1\I2C_OLED_maxdelay_timing_report.txt</path><type>LOG</type><fileset>OTHER_FILESET</fileset><local>true</local><used>true</used><selectable>true</selectable><timestamp>0</timestamp></file><file><path>designer\impl1\I2C_OLED_mindelay_timing_report.txt</path><type>LOG</type><fileset>OTHER_FILESET</fileset><local>true</local><used>true</used><selectable>true</selectable><timestamp>0</timestamp></file><file><path>designer\impl1\I2C_OLED_maxdelay_timingviolations_report.txt</path><type>LOG</type><fileset>OTHER_FILESET</fileset><local>true</local><used>true</used><selectable>true</selectable><timestamp>0</timestamp></file><file><path>designer\impl1\I2C_OLED_mindelay_timingviolations_report.txt</path><type>LOG</type><fileset>OTHER_FILESET</fileset><local>true</local><used>true</used><selectable>true</selectable><timestamp>0</timestamp></file></report_files></tool><tool Constraint_Default="true" Simulation_Default="true" Source_Default="true" Stimulus_Default="true" internal_name="PUBLISHBLOCK" library="Tool" name="PublishDesignerBlock" state="0" vendor="Actel" version="1.0.100"><configuration><spirit:hwParameter spirit:name="LANGUAGE">verilog</spirit:hwParameter><spirit:hwParameter spirit:name="PLACEMENT">true</spirit:hwParameter><spirit:hwParameter spirit:name="REGION">true</spirit:hwParameter><spirit:hwParameter spirit:name="ROUTING">true</spirit:hwParameter></configuration><input_files/><output_files/><report_files/></tool><tool Constraint_Default="true" Simulation_Default="true" Source_Default="true" Stimulus_Default="true" internal_name="GENERATEPROGRAMMINGDATA" library="Tool" name="ProgrammingData" state="4" vendor="Actel" version="1.0.100"><configuration/><input_files/><output_files><file><path>designer\impl1\I2C_OLED.fdb</path><type>PROGRAMMING</type><fileset/><local>true</local><used>true</used><selectable>true</selectable><timestamp>1352696932</timestamp></file></output_files><report_files><file><path>designer\impl1\I2C_OLED_prgdata_log.rpt</path><type>LOG</type><fileset>OTHER_FILESET</fileset><local>true</local><used>true</used><selectable>true</selectable><timestamp>0</timestamp></file></report_files></tool><tool Constraint_Default="true" Simulation_Default="true" Source_Default="true" Stimulus_Default="true" internal_name="EXPORTPROGRAMMINGFILE" library="Tool" name="ExportProgrammingFile" state="0" vendor="Actel" version="1.0.100"><configuration/><input_files/><output_files/><report_files/></tool><tool Constraint_Default="true" Simulation_Default="true" Source_Default="true" Stimulus_Default="true" internal_name="PROGRAMDEVICE" library="Tool" name="ProgramDevice" state="4" vendor="Actel" version="1.0.100"><configuration/><input_files/><output_files><file><path>designer\impl1\I2C_OLED_fp\$$FlashPro_69887.L$$</path><type>FPRO</type><fileset>PROG_FILESET</fileset><local>true</local><used>true</used><selectable>true</selectable><timestamp>1352697303</timestamp></file><file><path>designer\impl1\I2C_OLED_fp\I2C_OLED.tcl</path><type>FPRO</type><fileset>PROG_FILESET</fileset><local>true</local><used>true</used><selectable>true</selectable><timestamp>1352697280</timestamp></file><file><path>designer\impl1\I2C_OLED_fp\projectData</path><type>FPRO</type><fileset>PROG_FILESET</fileset><local>true</local><used>true</used><selectable>true</selectable><timestamp>0</timestamp></file></output_files><report_files><file><path>designer\impl1\I2C_OLED_fp\I2C_OLED_program.log</path><type>LOG</type><fileset>OTHER_FILESET</fileset><local>true</local><used>true</used><selectable>true</selectable><timestamp>0</timestamp></file></report_files></tool><tool Constraint_Default="true" Simulation_Default="true" Source_Default="true" Stimulus_Default="true" internal_name="INSTRUMENTDESIGN" library="Tool" name="InstrumentDesign" state="0" vendor="Actel" version="1.0.100"><configuration/><input_files/><output_files/><report_files/></tool><tool Constraint_Default="true" Simulation_Default="true" Source_Default="true" Stimulus_Default="true" internal_name="EDITFLOORPLAN_POSTCOMPILE" library="Tool" name="FloorPlan" state="0" vendor="Actel" version="1.0.100"><configuration/><input_files/><output_files/><report_files/></tool><tool Constraint_Default="true" Simulation_Default="true" Source_Default="true" Stimulus_Default="true" internal_name="EDITTIMING_POSTCOMPILE" library="Tool" name="TimingConstraints" state="0" vendor="Actel" version="1.0.100"><configuration/><input_files/><output_files/><report_files/></tool><tool Constraint_Default="true" Simulation_Default="true" Source_Default="true" Stimulus_Default="true" internal_name="EDITIO_POSTCOMPILE" library="Tool" name="MVNIOEditor" state="0" vendor="Actel" version="1.0.100"><configuration/><input_files/><output_files/><report_files/></tool></toolSetting>